[
    {
        "id": 25,
        "title": "nine",
        "description": "dooo",
        "created_at": "2025-12-06 03:02:19"
    },
    {
        "id": 53,
        "title": "fool",
        "description": "sdfre",
        "created_at": "2025-12-06 03:03:21"
    },
    {
        "id": 23,
        "title": "efff",
        "description": "efefgg",
        "created_at": "2025-12-06 03:08:03"
    },
    {
        "id": 34,
        "title": "er",
        "description": "ert",
        "created_at": "2025-12-06 15:31:03"
    }
]